{"cameraMode":{"drawMode":0,"name":"Shaded","section":"Shading Mode"},"sceneLighting":true,"audioPlay":false,"sceneViewState":{"showFog":true,"showMaterialUpdate":false,"showSkybox":true,"showFlares":true,"showImageEffects":true,"showParticleSystems":true},"in2DMode":false,"pivot":{"x":-42.15951919555664,"y":7.53318977355957,"z":-1.230633020401001},"rotation":{"x":0.024637380614876748,"y":0.7223979830741882,"z":0.025812653824687005,"w":-0.6905801296234131},"size":44.91736602783203,"orthographic":false}